博主昵称,位置,粉丝数,认证原因
康乐,北京,7391,有一居 联合创始人
方程豹汽车,广东 深圳,11906,方程豹汽车官方微博
Rocky刘毅林,上海 静安区,8994,小鹏汽车自动驾驶产品高级总监
德卤爱开车,上海 杨浦区,358041,微博新知博主 汽车博主 微博原创视频博主
长城炮张昊保,河北,327,长城炮品牌CEO
Zimo-子墨,海外 德国,39869,
大泽科技SHOW,北京 东城区,1219513,数码博主
PQ-管仲窥豹,上海 徐汇区,12994,汽车博主 头条文章作者
Aqara智慧生活,广东 深圳,218654,深圳绿米联创科技有限公司
李子来了,北京,452020,汽车博主 微博原创视频博主
MARiA_GARNiDELiA,海外 日本,3261472,日本歌手，GARNiDELiA组合成员美依礼芽
贝夫司机,山东 济南,13295,汽车博主 微博原创视频博主
卢伟冰,广东 深圳,3128405,小米集团合伙人、总裁，国际部总裁，Redmi品牌总经理
哈弗SUV,河北,3445870,长城汽车股份有限公司泰州哈弗销售分公司
八戒说车vlog,江苏,325665,汽车博主
导演辛爽,北京,0,导演，代表作《隐秘的角落》
私家路线,北京,4454,
周金开,北京,18894,上汽通用五菱品牌事业部副总经理
杨学良Victor,浙江,417220,浙江吉利控股集团高级副总裁
是个维维啊,北京,793266,搞笑幽默博主 微博原创视频博主
mermer有马力,北京 朝阳区,218760,
糖果看影视,上海,175738,
SlayerPiNG,上海 徐汇区,111070,上海急急蹦电子科技有限公司 创始人 汽车博主
高奔GoBig,湖南 长沙,333588,汽车博主
王斯末,北京 海淀区,616795,老司机内容出品人
长城汽车李瑞峰,河北,91174,长城汽车股份有限公司CGO
铁铁铁铁铁鱼,北京 西城区,826795,作家，代表作《斯格拉柔达》 读物博主
键盘打工人,河北 石家庄,3178,
PLANW温度计划,北京,247,北京和睦家医院内科主治医师
佟音bro,北京,284007,汽车博主
TCL电视,广东,4062191,TCL电视官方微博
小潮院长哈哈哈,上海,1780378,微博原创视频博主
番牌君,北京,230381,心理博主
里里,湖南 长沙,14375642,微博VLOG博主 微博原创视频博主 知名时尚博主 微博2020十大影响力时尚大V	 2022年辰星计划博主
赵璞,北京 东城区,1442629,「赵璞工作室」车评人、主持人
潘晓婷,上海,2903564,台球天后潘晓婷
大鹭仙丹,北京 海淀区,314814,微博VLOG博主
烟台人烟台事,山东 烟台,785590,本地资讯博主（烟台）
姜海荣-Harrison,北京,274741,荣耀终端有限公司中国区CMO
吴昊小二郎,广东,596636,知名汽车博主 微博原创视频博主
Ubiquiti优倍快,上海,17592,Ubiquiti（优倍快）官方微博
汪有,广东 广州,1123998,微博新知博主 科学科普博主
女司机颖颖,广东,506211,广告演员 平面模特  旅行玩家 旅游博主
大D有态度,浙江,200830,汽车博主
鸭毛丶,广东,179384,汽车博主 微博原创视频博主
小白测评,湖北,3397147,小白测评工作室创始人 微博vlog博主 知名数码博主 数码视频自媒体
IngridJSun,上海,58600,法拉利大中华区公关总监
Bluelotus蓝莲花豪华車改装厂,北京,24793,北京布鲁路特斯汽车服务有限公司
杨慢慢追风逐日,北京 海淀区,1608402,赛车手杨硕 微博原创视频博主
邓承浩,其他,2673,深蓝汽车CEO
Y车评_李扬,湖北 武汉,1130047,Y车评联合创始人
小胖子佑酱,其他,3327,汽车博主
李宝玖,北京 朝阳区,232614,导演
淇舒韩舒淇,北京,735730,微博vlog博主
南哥说车,北京,1248638,汽车视频自媒体 知名汽车博主
老胡的车生活,福建,2164905,汽车博主 微博原创视频博主
张颂文,北京,6679275,表演指导，演员
YouTube全球精选,湖北 武汉,1727434,知名搞笑幽默博主 搞笑视频自媒体
搞笑沫姐,安徽,275864,娱乐博主 超话主持人（大数据的先锋者知你心超话） 微博原创视频博主
曙光,北京 海淀区,17900,曙光信息产业股份有限公司
傲鲨智能,上海,38353,一家基于外骨骼技术平台的机器人科技公司
三体-海人,河北,1356,科学科普博主
天文八卦学家刘博洋,海外,1081714,知乎天文领域优秀回答者 青年天文教师连线创始人
郭帆FrantGwo,北京,951679,导演，代表作《流浪地球》系列。
造飞船的杨老师,广东 深圳,129953,科学科普博主
宝树,浙江 嘉兴,653964,科幻作家宝树，著有《观想之宙》《古老的地球之歌》《时间之墟》
中科院高能所,北京,320433,中国科学院高能物理研究所
三体社区,上海 徐汇区,571512,三体宇宙（上海）文化发展有限公司
杜比中国,海外,908499,杜比实验室官方微博
朱玉龙-YL,上海,759121,微博新知博主  长文原创作者 汽车博主
溢图科技,北京,7676,溢图科技官方微博
何炅,北京,118456993,湖南卫视主持人
CCTV1开讲啦,北京,1927577,CCTV1《开讲啦》官方微博
小儿外科裴医生,广东 深圳,3167603,小儿外科副主任医生
生物狗Y博,其他,241528,阿拉巴马大学伯明翰分校遗传学博士
玩车的史萌,北京,374095,汽车博主 汽车视频自媒体
贺炜,北京,8150734,
孙少军09,福建 泉州,438470,汽车达人 微博新知博主
汪小菲,北京,7593394,北京食通达科技发展有限公司董事长、麻六记品牌创始人
战舰世界,北京,156876,《战舰世界》官方微博
仰望汽车,广东,21905,仰望汽车官方微博
秋晨同学_,江苏 南京,244868,
拉面师傅Design,广东,2639,汽车博主
杨扉,北京 朝阳区,1024091,汽车博主
微博电商招商助手,北京,764702,微博电商招商助手
陈海滢,北京,998754,AirUP品牌创始人，《Science》封面摄影师
中国军号,其他,794954,中国人民解放军新闻传播中心官方微博
八月玄鸟,北京 朝阳区,10715,
VIGOROUSLIFES,海外,474950,运动博主
Tear梦游记,北京,356393,旅游博主 汽车视频自媒体
搞机圈的那些事,四川 攀枝花,5949438,微博2019十大影响力数码大V 微博原创视频博主
西藏阿里旅游,西藏 阿里,438369,西藏自治区阿里地区旅游发展局官方微博
黄黄征征,北京 大兴区,4950,匹克体育 运动科技创新部副总监
极氪ZEEKR,浙江,339105,共创极致体验出行生活
安东学长v,海外,67027,军事博主
摄影师痞子东,北京,1706575,资深汽车达人 《ramp驾道》特约摄影师 微博VLOG博主
荣耀手机,广东,22539770,荣耀终端有限公司
Blood旌旗,广东 广州,1330346,知名数码博主
水果猎人杨晓洋,广东 广州,1888999,知名科学科普博主 作家，代表作《东南亚水果猎人》  2022年辰星计划博主 微博原创视频博主
小狮子佑酱,上海,504720,汽车博主
顺晨杨,上海 长宁区,2380,汽车博主
迷惑行為大賞,海外,3386532,2022年辰星计划博主 知名搞笑幽默博主
冯竟爽,北京,286331,国家一级铁人三项运动员
有故事的丁班长,河南,1548076,知名搞笑幽默博主
CampLVSHUI草原营地,内蒙古,18,
理想汽车法务部,北京,2689,理想汽车法务部官方微博
蔻蔻妮娜,北京,1408217,知名汽车博主
吳彥祖,其他,9539429,香港演员，第26届香港电影金像奖新晋导演奖
腾势汽车,广东,335077,腾势汽车销售服务有限公司
猛士科技,其他,156279,猛士科技官方账号
乔心昱,北京,171247,哈弗品牌执行副总经理
庄时利和,广东 广州,1690204,微博新知博主  2022年辰星计划博主 科学科普博主
CB教主,河南,1823,
SugarDesign,浙江 杭州,442909,汽车博主
返朴,北京 西城区,749627,知名科学科普博主
吃瓜村才,广东,71433,娱乐博主 微博剪辑视频博主
酱紫表,山东 青岛,49641,数码博主 微博原创视频博主
天下秀自媒体平台,北京 朝阳区,58563,北京天下秀科技有限公司
SC01晓彤,天津,1598306,汽车视频自媒体
AUVN,海外,33909,平面设计师 互联网科技博主
微博铁粉,北京,0,铁粉官方微博
甘孜刘洪,四川,141667,四川甘孜州文化广电旅游局 局长
23号车库,海外 瑞典,734,
穆卡mukadas,北京 东城区,491861,汽车博主
毕慧Bee,北京 朝阳区,456702,超话主持人（毕慧超话） 旅行视频自媒体
杰克涛,海外,2451901,汽车博主、微博原创视频博主
中国西藏旅游,西藏,400624,西藏自治区旅游发展厅
王心凌,台湾,7399835,歌手丶演员 王心凌
凤凰周刊,北京 东城区,22973033,凤凰周刊官方微博
乌龙谈,其他,10318744,知名军事博主
北石同学,广东 深圳,6673069,环球旅行达人，旅行玩家 ，北纬30度行者 头条文章作者
我叫李恩泽,其他,5243041,知名健康博主 微博原创视频博主
sunwear,上海 黄浦区,1934510,信息安全、网络安全、信息战、网络战专家
高山CG,陕西 西安,235123,西安维昂网络科技有限公司总经理 军事CG画家高山
金陵上空的鹰,江苏 南京,4238328,军事资讯博主 知名军事博主 军事视频自媒体
北京12345,北京,845947,北京市市民热线服务中心
MECHREVO机械革命,北京 东城区,498000,机械革命官方微博
女超人晶晶,北京,1097684,知名母婴育儿博主
robosen乐森机器人,海外,10686,乐森机器人（深圳）有限公司官方微博
Seagate希捷科技,北京,811186,锡捷科技官方微博
黑鲨游戏手机,广东,1401218,黑鲨游戏手机官方微博
大象鹭岛露营地,北京,1886,北京云朋咨询有限公司 总经理 旅游博主
快乐肥宅庆先森,山东 青岛,427832,知名数码博主 头条文章作者
车造-宗泽远,北京,1301731,汽车博主 微博原创视频博主
realme真我手机,其他,7338705,realme真我手机官方微博
午后狂睡,上海 杨浦区,2285713,互联网科技博主 影评人
中国书画诗词院,福建 福州,4605422,知名人文艺术博主
蓝大仙人,浙江 杭州,195262,微博新知博主 数码博主 头条文章作者
康康吃一口,北京,1452329,微博VLOG博主 美食视频自媒体 微博原创视频博主
剪映,广东,13634,深圳市脸萌科技有限公司
览众骆驼房车,河北,1772,览众房车官方微博
王骁Albert,上海 静安区,1779491,《骁话一下》主讲人
二麦张帅波,河南 洛阳,143903,微博原创视频博主
驴拉耳朵夫斯基飞机设计局,海外 新加坡,4345,军事博主
小蜗牛Rider,北京,186373,微博原创视频博主
肖恩怀特ShaunWhite,海外 美国,82993,美国单板滑雪运动员、三届奥运会金牌得主
周海媚,香港 中西区,905604,艺人周海媚
魅惑蓝心,黑龙江 哈尔滨,892516,知名家居博主
范志毅,上海 黄浦区,1652354,足球运动员
青蛙公主爱凌,其他,6544491,自由式滑雪世界冠军
好福气哟萌老爷,上海,228240,
先看评测,广东 深圳,415371,微博原创视频博主
SmallRig斯莫格,广东,134091,深圳市乐其网络科技有限公司
MiTV潘俊同学,北京 海淀区,4214,小米电视总经理
传奇韭菜月半,北京 东城区,200292,汽车博主 微博原创视频博主
卷耳小汐,湖北 宜昌,597020,数码博主 微博原创视频博主
nnnnnn-nil,上海,12979,
微博数码,北京,3408518,微博数码官方微博
赵今麦angel,辽宁,10739269,演员
无情开评,其他,413,
二萌_er,北京 海淀区,83065,汽车博主
培根日记微博,北京,204362,美食博主 微博原创视频博主
北京大土豆,北京,1863894,房产专家 知名房产博主
菲林公路,北京,112669,汽车博主
凯特张Kat,北京,340532,汽车博主 微博原创视频博主 微博VLOG博主
Selen7,北京 朝阳区,730,小米中国区 智能硬件市场负责人
国家反诈中心,北京,1383249,国家反诈中心官方微博
相机Beta,辽宁,1417172,知名摄影博主 头条文章作者
北京硬盘之家,北京 海淀区,10023,数码博主
电影四海,上海,0,电影《四海》官方微博
threezero官方微博,香港,125508,threezero官方微博
東來_ldldick,四川,725782,自由摄影师 摄影旅游杂志年度大奖获得者 摄影博主
黑猫重工,其他,4490,
西城男孩WestLife,海外 其他,1457827,爱尔兰男子组合 西城男孩(Westlife)
欧礼士,海外 其他,7370,
科沃斯,江苏,2074154,科沃斯机器人股份有限公司
吴主任,其他,191646,
WolStame,北京 海淀区,4305,
不一样的帝球人,安徽,124521,情感博主
趣评测新能源,广东 深圳,193630,汽车博主
kimcheem,海外 韩国,12055,
空天部落,其他,145976,军事博主
于家傲Jeff,北京 朝阳区,992,
庞珅_shen,其他,1064307,汽车博主 微博原创视频博主
懂车帝金港汽车公园,北京,164950,北京懂车帝金港汽车公园官方微博
阿维塔,上海,58001,阿维塔科技官方微博
张雪琦Vicky,北京,67746,爱奇艺《舞蹈生》选手
微博V选好物,北京,1029745,微博官方购物指南
睡前消息编辑部,上海,356270,睡前消息编辑部官方微博
纳拓NexTool,其他,6337,广东百创源科技股份有限公司
康乐,北京,7391,有一居 联合创始人
方程豹汽车,广东 深圳,11906,方程豹汽车官方微博
Rocky刘毅林,上海 静安区,8994,小鹏汽车自动驾驶产品高级总监
德卤爱开车,上海 杨浦区,358041,微博新知博主 汽车博主 微博原创视频博主
长城炮张昊保,河北,327,长城炮品牌CEO
Zimo-子墨,海外 德国,39869,
大泽科技SHOW,北京 东城区,1219513,数码博主
PQ-管仲窥豹,上海 徐汇区,12994,汽车博主 头条文章作者
Aqara智慧生活,广东 深圳,218655,深圳绿米联创科技有限公司
李子来了,北京,452020,汽车博主 微博原创视频博主
MARiA_GARNiDELiA,海外 日本,3261472,日本歌手，GARNiDELiA组合成员美依礼芽
贝夫司机,山东 济南,13295,汽车博主 微博原创视频博主
卢伟冰,广东 深圳,3128405,小米集团合伙人、总裁，国际部总裁，Redmi品牌总经理
哈弗SUV,河北,3446011,长城汽车股份有限公司泰州哈弗销售分公司
八戒说车vlog,江苏,325665,汽车博主
导演辛爽,北京,0,导演，代表作《隐秘的角落》
私家路线,北京,4454,
周金开,北京,18894,上汽通用五菱品牌事业部副总经理
杨学良Victor,浙江,417220,浙江吉利控股集团高级副总裁
是个维维啊,北京,793267,搞笑幽默博主 微博原创视频博主
mermer有马力,北京 朝阳区,218760,
糖果看影视,上海,175738,
SlayerPiNG,上海 徐汇区,111070,上海急急蹦电子科技有限公司 创始人 汽车博主
高奔GoBig,湖南 长沙,333588,汽车博主
王斯末,北京 海淀区,616795,老司机内容出品人
长城汽车李瑞峰,河北,91174,长城汽车股份有限公司CGO
铁铁铁铁铁鱼,北京 西城区,826795,作家，代表作《斯格拉柔达》 读物博主
键盘打工人,河北 石家庄,3178,
PLANW温度计划,北京,247,北京和睦家医院内科主治医师
佟音bro,北京,284007,汽车博主
TCL电视,广东,4062191,TCL电视官方微博
小潮院长哈哈哈,上海,1780379,微博原创视频博主
番牌君,北京,230381,心理博主
里里,湖南 长沙,14375642,微博VLOG博主 微博原创视频博主 知名时尚博主 微博2020十大影响力时尚大V	 2022年辰星计划博主
赵璞,北京 东城区,1442629,「赵璞工作室」车评人、主持人
潘晓婷,上海,2903564,台球天后潘晓婷
大鹭仙丹,北京 海淀区,314814,微博VLOG博主
烟台人烟台事,山东 烟台,785590,本地资讯博主（烟台）
姜海荣-Harrison,北京,274741,荣耀终端有限公司中国区CMO
吴昊小二郎,广东,596636,知名汽车博主 微博原创视频博主
Ubiquiti优倍快,上海,17592,Ubiquiti（优倍快）官方微博
汪有,广东 广州,1123997,微博新知博主 科学科普博主
女司机颖颖,广东,506211,广告演员 平面模特  旅行玩家 旅游博主
大D有态度,浙江,200830,汽车博主
鸭毛丶,广东,179384,汽车博主 微博原创视频博主
小白测评,湖北,3397147,小白测评工作室创始人 微博vlog博主 知名数码博主 数码视频自媒体
IngridJSun,上海,58600,法拉利大中华区公关总监
Bluelotus蓝莲花豪华車改装厂,北京,24793,北京布鲁路特斯汽车服务有限公司
杨慢慢追风逐日,北京 海淀区,1608402,赛车手杨硕 微博原创视频博主
邓承浩,其他,2673,深蓝汽车CEO
Y车评_李扬,湖北 武汉,1130047,Y车评联合创始人
小胖子佑酱,其他,3327,汽车博主
李宝玖,北京 朝阳区,232614,导演
淇舒韩舒淇,北京,735730,微博vlog博主
南哥说车,北京,1248640,汽车视频自媒体 知名汽车博主
老胡的车生活,福建,2164905,汽车博主 微博原创视频博主
张颂文,北京,6679278,表演指导，演员
YouTube全球精选,湖北 武汉,1727434,知名搞笑幽默博主 搞笑视频自媒体
搞笑沫姐,安徽,275864,娱乐博主 超话主持人（大数据的先锋者知你心超话） 微博原创视频博主
曙光,北京 海淀区,17900,曙光信息产业股份有限公司
傲鲨智能,上海,38353,一家基于外骨骼技术平台的机器人科技公司
三体-海人,河北,1356,科学科普博主
天文八卦学家刘博洋,海外,1081715,知乎天文领域优秀回答者 青年天文教师连线创始人
郭帆FrantGwo,北京,951681,导演，代表作《流浪地球》系列。
造飞船的杨老师,广东 深圳,129953,科学科普博主
宝树,浙江 嘉兴,653964,科幻作家宝树，著有《观想之宙》《古老的地球之歌》《时间之墟》
中科院高能所,北京,320433,中国科学院高能物理研究所
三体社区,上海 徐汇区,571512,三体宇宙（上海）文化发展有限公司
杜比中国,海外,908499,杜比实验室官方微博
朱玉龙-YL,上海,759120,微博新知博主  长文原创作者 汽车博主
溢图科技,北京,7676,溢图科技官方微博
何炅,北京,118456993,湖南卫视主持人
CCTV1开讲啦,北京,1927577,CCTV1《开讲啦》官方微博
小儿外科裴医生,广东 深圳,3167603,小儿外科副主任医生
生物狗Y博,其他,241528,阿拉巴马大学伯明翰分校遗传学博士
玩车的史萌,北京,374095,汽车博主 汽车视频自媒体
贺炜,北京,8150734,
孙少军09,福建 泉州,438470,汽车达人 微博新知博主
汪小菲,北京,7593394,北京食通达科技发展有限公司董事长、麻六记品牌创始人
战舰世界,北京,156876,《战舰世界》官方微博
仰望汽车,广东,21905,仰望汽车官方微博
秋晨同学_,江苏 南京,244868,
拉面师傅Design,广东,2639,汽车博主
杨扉,北京 朝阳区,1024091,汽车博主
微博电商招商助手,北京,764702,微博电商招商助手
陈海滢,北京,998754,AirUP品牌创始人，《Science》封面摄影师
中国军号,其他,794954,中国人民解放军新闻传播中心官方微博
八月玄鸟,北京 朝阳区,10715,
VIGOROUSLIFES,海外,474950,运动博主
Tear梦游记,北京,356393,旅游博主 汽车视频自媒体
搞机圈的那些事,四川 攀枝花,5949438,微博2019十大影响力数码大V 微博原创视频博主
西藏阿里旅游,西藏 阿里,438369,西藏自治区阿里地区旅游发展局官方微博
黄黄征征,北京 大兴区,4950,匹克体育 运动科技创新部副总监
极氪ZEEKR,浙江,339105,共创极致体验出行生活
安东学长v,海外,67027,军事博主
摄影师痞子东,北京,1706575,资深汽车达人 《ramp驾道》特约摄影师 微博VLOG博主
荣耀手机,广东,22539770,荣耀终端有限公司
Blood旌旗,广东 广州,1330346,知名数码博主
水果猎人杨晓洋,广东 广州,1888999,知名科学科普博主 作家，代表作《东南亚水果猎人》  2022年辰星计划博主 微博原创视频博主
小狮子佑酱,上海,504720,汽车博主
顺晨杨,上海 长宁区,2380,汽车博主
迷惑行為大賞,海外,3386532,2022年辰星计划博主 知名搞笑幽默博主
冯竟爽,北京,286331,国家一级铁人三项运动员
有故事的丁班长,河南,1548076,知名搞笑幽默博主
CampLVSHUI草原营地,内蒙古,18,
理想汽车法务部,北京,2689,理想汽车法务部官方微博
蔻蔻妮娜,北京,1408217,知名汽车博主
吳彥祖,其他,9539429,香港演员，第26届香港电影金像奖新晋导演奖
腾势汽车,广东,335077,腾势汽车销售服务有限公司
猛士科技,其他,156279,猛士科技官方账号
乔心昱,北京,171247,哈弗品牌执行副总经理
庄时利和,广东 广州,1690204,微博新知博主  2022年辰星计划博主 科学科普博主
CB教主,河南,1823,
SugarDesign,浙江 杭州,442910,汽车博主
返朴,北京 西城区,749627,知名科学科普博主
吃瓜村才,广东,71433,娱乐博主 微博剪辑视频博主
酱紫表,山东 青岛,49641,数码博主 微博原创视频博主
天下秀自媒体平台,北京 朝阳区,58563,北京天下秀科技有限公司
SC01晓彤,天津,1598309,汽车视频自媒体
AUVN,海外,33909,平面设计师 互联网科技博主
微博铁粉,北京,0,铁粉官方微博
甘孜刘洪,四川,141667,四川甘孜州文化广电旅游局 局长
23号车库,海外 瑞典,734,
穆卡mukadas,北京 东城区,491861,汽车博主
毕慧Bee,北京 朝阳区,456702,超话主持人（毕慧超话） 旅行视频自媒体
杰克涛,海外,2451900,汽车博主、微博原创视频博主
中国西藏旅游,西藏,400623,西藏自治区旅游发展厅
王心凌,台湾,7399835,歌手丶演员 王心凌
凤凰周刊,北京 东城区,22973030,凤凰周刊官方微博
乌龙谈,其他,10318744,知名军事博主
北石同学,广东 深圳,6673069,环球旅行达人，旅行玩家 ，北纬30度行者 头条文章作者
我叫李恩泽,其他,5243042,知名健康博主 微博原创视频博主
sunwear,上海 黄浦区,1934510,信息安全、网络安全、信息战、网络战专家
高山CG,陕西 西安,235123,西安维昂网络科技有限公司总经理 军事CG画家高山
金陵上空的鹰,江苏 南京,4238328,军事资讯博主 知名军事博主 军事视频自媒体
北京12345,北京,845947,北京市市民热线服务中心
MECHREVO机械革命,北京 东城区,498000,机械革命官方微博
女超人晶晶,北京,1097684,知名母婴育儿博主
robosen乐森机器人,海外,10686,乐森机器人（深圳）有限公司官方微博
Seagate希捷科技,北京,811186,锡捷科技官方微博
黑鲨游戏手机,广东,1401218,黑鲨游戏手机官方微博
大象鹭岛露营地,北京,1886,北京云朋咨询有限公司 总经理 旅游博主
快乐肥宅庆先森,山东 青岛,427832,知名数码博主 头条文章作者
车造-宗泽远,北京,1301731,汽车博主 微博原创视频博主
realme真我手机,其他,7338705,realme真我手机官方微博
午后狂睡,上海 杨浦区,2285713,互联网科技博主 影评人
中国书画诗词院,福建 福州,4605422,知名人文艺术博主
蓝大仙人,浙江 杭州,195262,微博新知博主 数码博主 头条文章作者
康康吃一口,北京,1452329,微博VLOG博主 美食视频自媒体 微博原创视频博主
剪映,广东,13634,深圳市脸萌科技有限公司
览众骆驼房车,河北,1772,览众房车官方微博
王骁Albert,上海 静安区,1779491,《骁话一下》主讲人
二麦张帅波,河南 洛阳,143903,微博原创视频博主
驴拉耳朵夫斯基飞机设计局,海外 新加坡,4345,军事博主
小蜗牛Rider,北京,186373,微博原创视频博主
肖恩怀特ShaunWhite,海外 美国,82993,美国单板滑雪运动员、三届奥运会金牌得主
周海媚,香港 中西区,905604,艺人周海媚
魅惑蓝心,黑龙江 哈尔滨,892516,知名家居博主
范志毅,上海 黄浦区,1652354,足球运动员
青蛙公主爱凌,其他,6544491,自由式滑雪世界冠军
好福气哟萌老爷,上海,228240,
先看评测,广东 深圳,415371,微博原创视频博主
SmallRig斯莫格,广东,134091,深圳市乐其网络科技有限公司
MiTV潘俊同学,北京 海淀区,4214,小米电视总经理
传奇韭菜月半,北京 东城区,200292,汽车博主 微博原创视频博主
卷耳小汐,湖北 宜昌,597020,数码博主 微博原创视频博主
nnnnnn-nil,上海,12979,
微博数码,北京,3408518,微博数码官方微博
赵今麦angel,辽宁,10739269,演员
无情开评,其他,413,
二萌_er,北京 海淀区,83065,汽车博主
培根日记微博,北京,204362,美食博主 微博原创视频博主
北京大土豆,北京,1863894,房产专家 知名房产博主
菲林公路,北京,112669,汽车博主
凯特张Kat,北京,340532,汽车博主 微博原创视频博主 微博VLOG博主
Selen7,北京 朝阳区,730,小米中国区 智能硬件市场负责人
国家反诈中心,北京,1383249,国家反诈中心官方微博
相机Beta,辽宁,1417172,知名摄影博主 头条文章作者
北京硬盘之家,北京 海淀区,10023,数码博主
电影四海,上海,0,电影《四海》官方微博
threezero官方微博,香港,125508,threezero官方微博
東來_ldldick,四川,725782,自由摄影师 摄影旅游杂志年度大奖获得者 摄影博主
黑猫重工,其他,4490,
西城男孩WestLife,海外 其他,1457827,爱尔兰男子组合 西城男孩(Westlife)
欧礼士,海外 其他,7370,
科沃斯,江苏,2074154,科沃斯机器人股份有限公司
吴主任,其他,191646,
WolStame,北京 海淀区,4305,
不一样的帝球人,安徽,124521,情感博主
趣评测新能源,广东 深圳,193630,汽车博主
kimcheem,海外 韩国,12055,
空天部落,其他,145976,军事博主
于家傲Jeff,北京 朝阳区,992,
庞珅_shen,其他,1064308,汽车博主 微博原创视频博主
懂车帝金港汽车公园,北京,164950,北京懂车帝金港汽车公园官方微博
阿维塔,上海,58002,阿维塔科技官方微博
张雪琦Vicky,北京,67746,爱奇艺《舞蹈生》选手
微博V选好物,北京,1029745,微博官方购物指南
睡前消息编辑部,上海,356270,睡前消息编辑部官方微博
纳拓NexTool,其他,6337,广东百创源科技股份有限公司
